"Year","Lag1","Lag2","Lag3","Lag4","Lag5","Volume","Today","Direction"
2000,0.748,2.626,0.282,-1.134,1.177,0.574918,-1.891,"Down"
2000,-1.891,0.748,2.626,0.282,-1.134,1.06876,1.643,"Up"
2000,1.643,-1.891,0.748,2.626,0.282,1.03394,-1.624,"Down"
2000,-1.624,1.643,-1.891,0.748,2.626,1.11375,-5.634,"Down"
2000,-5.634,-1.624,1.643,-1.891,0.748,1.10642,4.721,"Up"
2000,4.721,-5.634,-1.624,1.643,-1.891,1.041,-2.615,"Down"
2000,-2.615,4.721,-5.634,-1.624,1.643,1.02016,-2.958,"Down"
2000,-2.958,-2.615,4.721,-5.634,-1.624,1.02306,-0.946,"Down"
2000,-0.946,-2.958,-2.615,4.721,-5.634,1.063475,5.686,"Up"
2000,5.686,-0.946,-2.958,-2.615,4.721,1.17076,-1.001,"Down"
2000,-1.001,5.686,-0.946,-2.958,-2.615,1.16158,4.975,"Up"
2000,4.975,-1.001,5.686,-0.946,-2.958,1.23806,4.301,"Up"
2000,4.301,4.975,-1.001,5.686,-0.946,1.03844,-1.891,"Down"
2000,-1.891,4.301,4.975,-1.001,5.686,1.06856,1.186,"Up"
2000,1.186,-1.891,4.301,4.975,-1.001,1.109412,-10.538,"Down"
2000,-10.538,1.186,-1.891,4.301,4.975,1.06254,5.748,"Up"
2000,5.748,-10.538,1.186,-1.891,4.301,1.052925,1.247,"Up"
2000,1.247,5.748,-10.538,1.186,-1.891,1.007,-1.363,"Down"
2000,-1.363,1.247,5.748,-10.538,1.186,0.94014,-0.815,"Down"
2000,-0.815,-1.363,1.247,5.748,-10.538,0.90048,-0.986,"Down"
2000,-0.986,-0.815,-1.363,1.247,5.748,0.85844,-2.056,"Down"
2000,-2.056,-0.986,-0.815,-1.363,1.247,0.91966,7.202,"Up"
2000,7.202,-2.056,-0.986,-0.815,-1.363,0.9818,-1.375,"Down"
2000,-1.375,7.202,-2.056,-0.986,-0.815,0.85672,0.515,"Up"
2000,0.515,-1.375,7.202,-2.056,-0.986,0.98038,-1.569,"Down"
2000,-1.569,0.515,-1.375,7.202,-2.056,0.96662,0.91,"Up"
2000,0.91,-1.569,0.515,-1.375,7.202,1.11944,1.671,"Up"
2000,1.671,0.91,-1.569,0.515,-1.375,0.83755,2.102,"Up"
2000,2.102,1.671,0.91,-1.569,0.515,0.96156,-1.973,"Down"
2000,-1.973,2.102,1.671,0.91,-1.569,0.95132,-4.074,"Down"
2000,-4.074,-1.973,2.102,1.671,0.91,1.04438,3.031,"Up"
2000,3.031,-4.074,-1.973,2.102,1.671,0.98748,0.609,"Up"
2000,0.609,3.031,-4.074,-1.973,2.102,0.93546,1.351,"Up"
2000,1.351,0.609,3.031,-4.074,-1.973,0.87066,0.987,"Up"
2000,0.987,1.351,0.609,3.031,-4.074,0.78882,0.951,"Up"
2000,0.951,0.987,1.351,0.609,3.031,0.83438,-1.727,"Down"
2000,-1.727,0.951,0.987,1.351,0.609,0.945025,-1.92,"Down"
2000,-1.92,-1.727,0.951,0.987,1.351,1.04824,-1.166,"Down"
2000,-1.166,-1.92,-1.727,0.951,0.987,1.07646,-0.843,"Down"
2000,-0.843,-1.166,-1.92,-1.727,0.951,1.1334,-1.916,"Down"
2000,-1.916,-0.843,-1.166,-1.92,-1.727,1.12858,-2.471,"Down"
2000,-2.471,-1.916,-0.843,-1.166,-1.92,1.15212,1.656,"Up"
2000,1.656,-2.471,-1.916,-0.843,-1.166,1.21678,-1.242,"Down"
2000,-1.242,1.656,-2.471,-1.916,-0.843,1.18222,3.415,"Up"
2000,3.415,-1.242,1.656,-2.471,-1.916,1.18502,-4.255,"Down"
2000,-4.255,3.415,-1.242,1.656,-2.471,0.95892,0.127,"Up"
2000,0.127,-4.255,3.415,-1.242,1.656,1.06832,-1.897,"Down"
2000,-1.897,0.127,-4.255,3.415,-1.242,0.8652425,-1.978,"Down"
2000,-1.978,-1.897,0.127,-4.255,3.415,0.951626,4.156,"Up"
2000,4.156,-1.978,-1.897,0.127,-4.255,1.17778,-4.215,"Down"
2000,-4.215,4.156,-1.978,-1.897,0.127,1.22066,-0.473,"Down"
2000,-0.473,-4.215,4.156,-1.978,-1.897,1.29468,1.097,"Up"
2001,1.097,-0.473,-4.215,4.156,-1.978,0.9875,-1.661,"Down"
2001,-1.661,1.097,-0.473,-4.215,4.156,1.642975,1.556,"Up"
2001,1.556,-1.661,1.097,-0.473,-4.215,1.2581,1.819,"Up"
2001,1.819,1.556,-1.661,1.097,-0.473,1.3519,0.924,"Up"
2001,0.924,1.819,1.556,-1.661,1.097,1.21232,-0.404,"Down"
2001,-0.404,0.924,1.819,1.556,-1.661,1.13308,-2.572,"Down"
2001,-2.572,-0.404,0.924,1.819,1.556,1.08272,-1.006,"Down"
2001,-1.006,-2.572,-0.404,0.924,1.819,1.1351,-4.277,"Down"
2001,-4.277,-1.006,-2.572,-0.404,0.924,1.229475,-0.938,"Down"
2001,-0.938,-4.277,-1.006,-2.572,-0.404,1.21182,-0.062,"Down"
2001,-0.062,-0.938,-4.277,-1.006,-2.572,1.07064,-6.72,"Down"
2001,-6.72,-0.062,-0.938,-4.277,-1.006,1.358072,-0.93,"Down"
2001,-0.93,-6.72,-0.062,-0.938,-4.277,1.35945,1.799,"Up"
2001,1.799,-0.93,-6.72,-0.062,-0.938,1.25538,-2.749,"Down"
2001,-2.749,1.799,-0.93,-6.72,-0.062,1.340278,4.88,"Up"
2001,4.88,-2.749,1.799,-0.93,-6.72,1.201175,5.026,"Up"
2001,5.026,4.88,-2.749,1.799,-0.93,1.35358,0.81,"Up"
2001,0.81,5.026,4.88,-2.749,1.799,1.17384,1.082,"Up"
2001,1.082,0.81,5.026,4.88,-2.749,1.20206,-1.653,"Down"
2001,-1.653,1.082,0.81,5.026,4.88,1.01012,3.716,"Up"
2001,3.716,-1.653,1.082,0.81,5.026,1.16434,-1.089,"Down"
2001,-1.089,3.716,-1.653,1.082,0.81,1.09978,-1.348,"Down"
2001,-1.348,-1.089,3.716,-1.653,1.082,1.10655,0.34,"Up"
2001,0.34,-1.348,-1.089,3.716,-1.653,0.9662,-4,"Down"
2001,-4,0.34,-1.348,-1.089,3.716,1.18973,0.905,"Up"
2001,0.905,-4,0.34,-1.348,-1.089,1.276524,-0.079,"Down"
2001,-0.079,0.905,-4,0.34,-1.348,1.314152,-2.76,"Down"
2001,-2.76,-0.079,0.905,-4,0.34,0.9355025,2.107,"Up"
2001,2.107,-2.76,-0.079,0.905,-4,1.24186,-0.397,"Down"
2001,-0.397,2.107,-2.76,-0.079,0.905,1.22172,-0.415,"Down"
2001,-0.415,-0.397,2.107,-2.76,-0.079,1.1391,0.707,"Up"
2001,0.707,-0.415,-0.397,2.107,-2.76,1.10736,-1.992,"Down"
2001,-1.992,0.707,-0.415,-0.397,2.107,1.00268,-2.369,"Down"
2001,-2.369,-1.992,0.707,-0.415,-0.397,0.9795,1.976,"Up"
2001,1.976,-2.369,-1.992,0.707,-0.415,1.01586,-4.334,"Down"
2001,-4.334,1.976,-2.369,-1.992,0.707,0.9741,-4.217,"Down"
2001,-4.217,-4.334,1.976,-2.369,-1.992,1.3367,-11.05,"Down"
2001,-11.05,-4.217,-4.334,1.976,-2.369,1.9500816,7.78,"Up"
2001,7.78,-11.05,-4.217,-4.334,1.976,1.5956,2.924,"Up"
2001,2.924,7.78,-11.05,-4.217,-4.334,1.40536,1.892,"Up"
2001,1.892,2.924,7.78,-11.05,-4.217,1.311036,-1.664,"Down"
2001,-1.664,1.892,2.924,7.78,-11.05,1.24904,2.9,"Up"
2001,2.9,-1.664,1.892,2.924,7.78,1.27362,-1.576,"Down"
2001,-1.576,2.9,-1.664,1.892,2.924,1.23906,3.045,"Up"
2001,3.045,-1.576,2.9,-1.664,1.892,1.32926,1.637,"Up"
2001,1.637,3.045,-1.576,2.9,-1.664,1.3194,1.027,"Up"
2001,1.027,1.637,3.045,-1.576,2.9,1.02165,-0.947,"Down"
2001,-0.947,1.027,1.637,3.045,-1.576,1.31216,1.655,"Up"
2001,1.655,-0.947,1.027,1.637,3.045,1.40456,-3.041,"Down"
2001,-3.041,1.655,-0.947,1.027,1.637,1.37078,1.941,"Up"
2001,1.941,-3.041,1.655,-0.947,1.027,1.45676,1.409,"Up"
2001,1.409,1.941,-3.041,1.655,-0.947,0.7561175,0.99,"Up"
2002,0.99,1.409,1.941,-3.041,1.655,1.256625,-2.295,"Down"
2002,-2.295,0.99,1.409,1.941,-3.041,1.306,-1.573,"Down"
2002,-1.573,-2.295,0.99,1.409,1.941,1.37384,0.506,"Up"
2002,0.506,-1.573,-2.295,0.99,1.409,1.422175,-0.978,"Down"
2002,-0.978,0.506,-1.573,-2.295,0.99,1.58852,-2.315,"Down"
2002,-2.315,-0.978,0.506,-1.573,-2.295,1.53904,0.726,"Up"
2002,0.726,-2.315,-0.978,0.506,-1.573,1.22024,-1.299,"Down"
2002,-1.299,0.726,-2.315,-0.978,0.506,1.35535,3.848,"Up"
2002,3.848,-1.299,0.726,-2.315,-0.978,1.38382,2.874,"Up"
2002,2.874,3.848,-1.299,0.726,-2.315,1.52286,0.159,"Up"
2002,0.159,2.874,3.848,-1.299,0.726,1.31426,-1.497,"Down"
2002,-1.497,0.159,2.874,3.848,-1.299,1.26238,-0.114,"Down"
2002,-0.114,-1.497,0.159,2.874,3.848,1.1523,-2.149,"Down"
2002,-2.149,-0.114,-1.497,0.159,2.874,1.16826,-1.044,"Down"
2002,-1.044,-2.149,-0.114,-1.497,0.159,1.31326,1.275,"Up"
2002,1.275,-1.044,-2.149,-0.114,-1.497,1.27658,-4.342,"Down"
2002,-4.342,1.275,-1.044,-2.149,-0.114,1.36702,-0.269,"Down"
2002,-0.269,-4.342,1.275,-1.044,-2.149,1.40864,-1.718,"Down"
2002,-1.718,-0.269,-4.342,1.275,-1.044,1.26084,4.891,"Up"
2002,4.891,-1.718,-0.269,-4.342,1.275,1.29086,-2.058,"Down"
2002,-2.058,4.891,-1.718,-0.269,-4.342,1.08098,-1.539,"Down"
2002,-1.539,-2.058,4.891,-1.718,-0.269,1.16055,-3.712,"Down"
2002,-3.712,-1.539,-2.058,4.891,-1.718,1.40676,-1.972,"Down"
2002,-1.972,-3.712,-1.539,-2.058,4.891,1.437764,-1.8,"Down"
2002,-1.8,-1.972,-3.712,-1.539,-2.058,1.33054,0.069,"Up"
2002,0.069,-1.8,-1.972,-3.712,-1.539,1.821238,-0.08,"Down"
2002,-0.08,0.069,-1.8,-1.972,-3.712,1.368925,-6.839,"Down"
2002,-6.839,-0.08,0.069,-1.8,-1.972,1.607616,-7.992,"Down"
2002,-7.992,-6.839,-0.08,0.069,-1.8,2.27508,0.6,"Up"
2002,0.6,-7.992,-6.839,-0.08,0.069,2.337088,1.337,"Up"
2002,1.337,0.6,-7.992,-6.839,-0.08,1.77288,5.137,"Up"
2002,5.137,1.337,0.6,-7.992,-6.839,1.47432,2.215,"Up"
2002,2.215,5.137,1.337,0.6,-7.992,1.32768,1.302,"Up"
2002,1.302,2.215,5.137,1.337,0.6,1.28118,-2.635,"Down"
2002,-2.635,1.302,2.215,5.137,1.337,1.13444,-2.418,"Down"
2002,-2.418,-2.635,1.302,2.215,5.137,1.311925,-0.46,"Down"
2002,-0.46,-2.418,-2.635,1.302,2.215,1.12524,-4.992,"Down"
2002,-4.992,-0.46,-2.418,-2.635,1.302,1.45356,-2.132,"Down"
2002,-2.132,-4.992,-0.46,-2.418,-2.635,1.572028,-3.238,"Down"
2002,-3.238,-2.132,-4.992,-0.46,-2.418,1.73642,4.339,"Up"
2002,4.339,-3.238,-2.132,-4.992,-0.46,1.868864,5.874,"Up"
2002,5.874,4.339,-3.238,-2.132,-4.992,1.588958,1.499,"Up"
2002,1.499,5.874,4.339,-3.238,-2.132,1.526214,0.369,"Up"
2002,0.369,1.499,5.874,4.339,-3.238,1.48526,-0.69,"Down"
2002,-0.69,0.369,1.499,5.874,4.339,1.51748,1.687,"Up"
2002,1.687,-0.69,0.369,1.499,5.874,1.37452,2.277,"Up"
2002,2.277,1.687,-0.69,0.369,1.499,1.63584,0.619,"Up"
2002,0.619,2.277,1.687,-0.69,0.369,1.27784,-2.572,"Down"
2002,-2.572,0.619,2.277,1.687,-0.69,1.43612,-2.494,"Down"
2002,-2.494,-2.572,0.619,2.277,1.687,1.29572,0.706,"Up"
2002,0.706,-2.494,-2.572,0.619,2.277,1.427646,-2.273,"Down"
2002,-2.273,0.706,-2.494,-2.572,0.619,0.7624775,3.791,"Up"
2003,3.791,-2.273,0.706,-2.494,-2.572,1.126575,2.089,"Up"
2003,2.089,3.791,-2.273,0.706,-2.494,1.49888,-2.78,"Down"
2003,-2.78,2.089,3.791,-2.273,0.706,1.42012,-4.478,"Down"
2003,-4.478,-2.78,2.089,3.791,-2.273,1.5538375,-0.662,"Down"
2003,-0.662,-4.478,-2.78,2.089,3.791,1.515846,-3.04,"Down"
2003,-3.04,-0.662,-4.478,-2.78,2.089,1.37372,0.627,"Up"
2003,0.627,-3.04,-0.662,-4.478,-2.78,1.33992,1.591,"Up"
2003,1.591,0.627,-3.04,-0.662,-4.478,1.229675,-0.828,"Down"
2003,-0.828,1.591,0.627,-3.04,-0.662,1.34968,-1.458,"Down"
2003,-1.458,-0.828,1.591,0.627,-3.04,1.29318,0.528,"Up"
2003,0.528,-1.458,-0.828,1.591,0.627,1.53218,7.503,"Up"
2003,7.503,0.528,-1.458,-0.828,1.591,1.610346,-3.605,"Down"
2003,-3.605,7.503,0.528,-1.458,-0.828,1.2812,1.778,"Up"
2003,1.778,-3.605,7.503,0.528,-1.458,1.42552,-1.2,"Down"
2003,-1.2,1.778,-3.605,7.503,0.528,1.288,2.911,"Up"
2003,2.911,-1.2,1.778,-3.605,7.503,1.40235,0.585,"Up"
2003,0.585,2.911,-1.2,1.778,-3.605,1.4802,3.479,"Up"
2003,3.479,0.585,2.911,-1.2,1.778,1.507782,0.358,"Up"
2003,0.358,3.479,0.585,2.911,-1.2,1.4667,1.167,"Up"
2003,1.167,0.358,3.479,0.585,2.911,1.44258,-1.173,"Down"
2003,-1.173,1.167,0.358,3.479,0.585,1.39766,3.254,"Up"
2003,3.254,-1.173,1.167,0.358,3.479,1.6164,2.508,"Up"
2003,2.508,3.254,-1.173,1.167,0.358,1.65234,0.086,"Up"
2003,0.086,2.508,3.254,-1.173,1.167,1.38542,0.716,"Up"
2003,0.716,0.086,2.508,3.254,-1.173,1.50852,-1.955,"Down"
2003,-1.955,0.716,0.086,2.508,3.254,1.38016,0.971,"Up"
2003,0.971,-1.955,0.716,0.086,2.508,1.33565,1.262,"Up"
2003,1.262,0.971,-1.955,0.716,0.086,1.45824,-0.483,"Down"
2003,-0.483,1.262,0.971,-1.955,0.716,1.53122,0.54,"Up"
2003,0.54,-0.483,1.262,0.971,-1.955,1.40262,-1.855,"Down"
2003,-1.855,0.54,-0.483,1.262,0.971,1.4456,-0.261,"Down"
2003,-0.261,-1.855,0.54,-0.483,1.262,1.32746,1.338,"Up"
2003,1.338,-0.261,-1.855,0.54,-0.483,1.037294,0.241,"Up"
2003,0.241,1.338,-0.261,-1.855,0.54,1.271,1.505,"Up"
2003,1.505,0.241,1.338,-0.261,-1.855,1.06242,1.327,"Up"
2003,1.327,1.505,0.241,1.338,-0.261,1.5163,-0.27,"Down"
2003,-0.27,1.327,1.505,0.241,1.338,1.37376,1.735,"Up"
2003,1.735,-0.27,1.327,1.505,0.241,1.382022,-3.807,"Down"
2003,-3.807,1.735,-0.27,1.327,1.505,1.4278,3.31,"Up"
2003,3.31,-3.807,1.735,-0.27,1.327,1.47262,0.797,"Up"
2003,0.797,3.31,-3.807,1.735,-0.27,1.25092,0.121,"Up"
2003,0.121,0.797,3.31,-3.807,1.735,1.32064,-1.002,"Down"
2003,-1.002,0.121,0.797,3.31,-3.807,1.46848,2.119,"Up"
2003,2.119,-1.002,0.121,0.797,3.31,1.53844,0.238,"Up"
2003,0.238,2.119,-1.002,0.121,0.797,1.4184,-0.272,"Down"
2003,-0.272,0.238,2.119,-1.002,0.121,1.2989,-1.435,"Down"
2003,-1.435,-0.272,0.238,2.119,-1.002,1.33106,2.214,"Up"
2003,2.214,-1.435,-0.272,0.238,2.119,1.055355,0.312,"Up"
2003,0.312,2.214,-1.435,-0.272,0.238,1.38578,1.191,"Up"
2003,1.191,0.312,2.214,-1.435,-0.272,1.35852,1.352,"Up"
2003,1.352,1.191,0.312,2.214,-1.435,1.54952,0.664,"Up"
2003,0.664,1.352,1.191,0.312,2.214,0.8177825,1.149,"Up"
2004,1.149,0.664,1.352,1.191,0.312,1.063025,1.207,"Up"
2004,1.207,1.149,0.664,1.352,1.191,1.67334,1.602,"Up"
2004,1.602,1.207,1.149,0.664,1.352,1.60736,0.151,"Up"
2004,0.151,1.602,1.207,1.149,0.664,1.677675,-0.913,"Down"
2004,-0.913,0.151,1.602,1.207,1.149,1.71052,1.028,"Up"
2004,1.028,-0.913,0.151,1.602,1.207,1.55102,0.267,"Up"
2004,0.267,1.028,-0.913,0.151,1.602,1.44004,-0.148,"Down"
2004,-0.148,0.267,1.028,-0.913,0.151,1.455325,0.073,"Up"
2004,0.073,-0.148,0.267,1.028,-0.913,1.4418,1.041,"Up"
2004,1.041,0.073,-0.148,0.267,1.028,1.39432,-3.137,"Down"
2004,-3.137,1.041,0.073,-0.148,0.267,1.53612,-0.963,"Down"
2004,-0.963,-3.137,1.041,0.073,-0.148,1.4836,-0.155,"Down"
2004,-0.155,-0.963,-3.137,1.041,0.073,1.44582,3.046,"Up"
2004,3.046,-0.155,-0.963,-3.137,1.041,1.4977,-0.218,"Down"
2004,-0.218,3.046,-0.155,-0.963,-3.137,1.3675,-0.413,"Down"
2004,-0.413,-0.218,3.046,-0.155,-0.963,1.42596,0.528,"Up"
2004,0.528,-0.413,-0.218,3.046,-0.155,1.53286,-2.92,"Down"
2004,-2.92,0.528,-0.413,-0.218,3.046,1.63158,-0.777,"Down"
2004,-0.777,-2.92,0.528,-0.413,-0.218,1.57312,-0.273,"Down"
2004,-0.273,-0.777,-2.92,0.528,-0.413,1.57936,-0.195,"Down"
2004,-0.195,-0.273,-0.777,-2.92,0.528,1.36026,2.48,"Up"
2004,2.48,-0.195,-0.273,-0.777,-2.92,1.35254,0.162,"Up"
2004,0.162,2.48,-0.195,-0.273,-0.777,1.20935,1.245,"Up"
2004,1.245,0.162,2.48,-0.195,-0.273,1.209875,-0.128,"Down"
2004,-0.128,1.245,0.162,2.48,-0.195,1.2982,-0.052,"Down"
2004,-0.052,-0.128,1.245,0.162,2.48,1.43164,-0.798,"Down"
2004,-0.798,-0.052,-0.128,1.245,0.162,1.35682,-1.117,"Down"
2004,-1.117,-0.798,-0.052,-0.128,1.245,1.299825,-1.026,"Down"
2004,-1.026,-1.117,-0.798,-0.052,-0.128,1.32706,-1.379,"Down"
2004,-1.379,-1.026,-1.117,-0.798,-0.052,1.4927,1.429,"Up"
2004,1.429,-1.379,-1.026,-1.117,-0.798,1.48136,-3.426,"Down"
2004,-3.426,1.429,-1.379,-1.026,-1.117,1.38038,0.078,"Up"
2004,0.078,-3.426,1.429,-1.379,-1.026,1.26444,3.151,"Up"
2004,3.151,0.078,-3.426,1.429,-1.379,1.24116,0.858,"Up"
2004,0.858,3.151,0.078,-3.426,1.429,1.03512,0.529,"Up"
2004,0.529,0.858,3.151,0.078,-3.426,1.033194,0.924,"Up"
2004,0.924,0.529,0.858,3.151,0.078,1.2733,0.412,"Up"
2004,0.412,0.924,0.529,0.858,3.151,1.25936,-1.634,"Down"
2004,-1.634,0.412,0.924,0.529,0.858,1.28884,1.927,"Up"
2004,1.927,-1.634,0.412,0.924,0.529,1.47864,-0.827,"Down"
2004,-0.827,1.927,-1.634,0.412,0.924,1.42164,-1.242,"Down"
2004,-1.242,-0.827,1.927,-1.634,0.412,1.38894,-1.124,"Down"
2004,-1.124,-1.242,-0.827,1.927,-1.634,1.58782,3.145,"Up"
2004,3.145,-1.124,-1.242,-0.827,1.927,1.58736,3.183,"Up"
2004,3.183,3.145,-1.124,-1.242,-0.827,1.6659,1.544,"Up"
2004,1.544,3.183,3.145,-1.124,-1.242,1.44768,-1.168,"Down"
2004,-1.168,1.544,3.183,3.145,-1.124,1.49704,1.052,"Up"
2004,1.052,-1.168,1.544,3.183,3.145,1.118795,0.72,"Up"
2004,0.72,1.052,-1.168,1.544,3.183,1.60928,-0.266,"Down"
2004,-0.266,0.72,1.052,-1.168,1.544,1.49638,0.522,"Up"
2004,0.522,-0.266,0.72,1.052,-1.168,1.76104,1.334,"Up"
2004,1.334,0.522,-0.266,0.72,1.052,1.31335,0.148,"Up"
2005,0.148,1.334,0.522,-0.266,0.72,0.88952,-2.123,"Down"
2005,-2.123,0.148,1.334,0.522,-0.266,1.60354,-0.141,"Down"
2005,-0.141,-2.123,0.148,1.334,0.522,1.4774,-1.406,"Down"
2005,-1.406,-0.141,-2.123,0.148,1.334,1.60775,0.299,"Up"
2005,0.299,-1.406,-0.141,-2.123,0.148,1.59666,2.704,"Up"
2005,2.704,0.299,-1.406,-0.141,-2.123,1.625228,0.189,"Up"
2005,0.189,2.704,0.299,-1.406,-0.141,1.46569,-0.308,"Down"
2005,-0.308,0.189,2.704,0.299,-1.406,1.487736,0.814,"Up"
2005,0.814,-0.308,0.189,2.704,0.299,1.572115,0.887,"Up"
2005,0.887,0.814,-0.308,0.189,2.704,1.665028,-1.803,"Down"
2005,-1.803,0.887,0.814,-0.308,0.189,1.554146,-0.869,"Down"
2005,-0.869,-1.803,0.887,0.814,-0.308,1.70609,-1.532,"Down"
2005,-1.532,-0.869,-1.803,0.887,0.814,1.975625,0.128,"Up"
2005,0.128,-1.532,-0.869,-1.803,0.887,2.0899,0.706,"Up"
2005,0.706,0.128,-1.532,-0.869,-1.803,1.861984,-3.266,"Down"
2005,-3.266,0.706,0.128,-1.532,-0.869,2.119976,0.831,"Up"
2005,0.831,-3.266,0.706,0.128,-1.532,2.178972,0.411,"Up"
2005,0.411,0.831,-3.266,0.706,0.128,2.090184,1.253,"Up"
2005,1.253,0.411,0.831,-3.266,0.706,2.031568,-1.477,"Down"
2005,-1.477,1.253,0.411,0.831,-3.266,1.953106,3.053,"Up"
2005,3.053,-1.477,1.253,0.411,0.831,1.88361,0.799,"Up"
2005,0.799,3.053,-1.477,1.253,0.411,1.627978,-0.23,"Down"
2005,-0.23,0.799,3.053,-1.477,1.253,1.7730225,0.175,"Up"
2005,0.175,-0.23,0.799,3.053,-1.477,1.720456,1.573,"Up"
2005,1.573,0.175,-0.23,0.799,3.053,1.87667,-2.086,"Down"
2005,-2.086,1.573,0.175,-0.23,0.799,1.94144,0.241,"Up"
2005,0.241,-2.086,1.573,0.175,-0.23,1.796724,1.458,"Up"
2005,1.458,0.241,-2.086,1.573,0.175,1.885635,1.325,"Up"
2005,1.325,1.458,0.241,-2.086,1.573,1.871184,0.469,"Up"
2005,0.469,1.325,1.458,0.241,-2.086,1.91671,0.041,"Up"
2005,0.041,0.469,1.325,1.458,0.241,1.877768,-0.629,"Down"
2005,-0.629,0.041,0.469,1.325,1.458,1.934294,0.324,"Up"
2005,0.324,-0.629,0.041,0.469,1.325,1.904968,-0.868,"Down"
2005,-0.868,0.324,-0.629,0.041,0.469,1.72188,-1.198,"Down"
2005,-1.198,-0.868,0.324,-0.629,0.041,1.66859,1.072,"Up"
2005,1.072,-1.198,-0.868,0.324,-0.629,1.95029,1.926,"Up"
2005,1.926,1.072,-1.198,-0.868,0.324,1.9869325,-0.288,"Down"
2005,-0.288,1.926,1.072,-1.198,-0.868,2.247794,-1.827,"Down"
2005,-1.827,-0.288,1.926,1.072,-1.198,2.268336,1.112,"Up"
2005,1.112,-1.827,-0.288,1.926,1.072,2.075822,-2.678,"Down"
2005,-2.678,1.112,-1.827,-0.288,1.926,2.38076,-0.78,"Down"
2005,-0.78,-2.678,1.112,-1.827,-0.288,2.30528,-0.588,"Down"
2005,-0.588,-0.78,-2.678,1.112,-1.827,2.408668,1.595,"Up"
2005,1.595,-0.588,-0.78,-2.678,1.112,2.350556,1.813,"Up"
2005,1.813,1.595,-0.588,-0.78,-2.678,2.48811,1.195,"Up"
2005,1.195,1.813,1.595,-0.588,-0.78,2.063738,1.097,"Up"
2005,1.097,1.195,1.813,1.595,-0.588,2.226412,1.601,"Up"
2005,1.601,1.097,1.195,1.813,1.595,1.7797775,-0.25,"Down"
2005,-0.25,1.601,1.097,1.195,1.813,2.280068,-0.451,"Down"
2005,-0.451,-0.25,1.601,1.097,1.195,2.121,0.631,"Up"
2005,0.631,-0.451,-0.25,1.601,1.097,2.235374,0.106,"Up"
2005,0.106,0.631,-0.451,-0.25,1.601,1.888996,-1.606,"Down"
2006,-1.606,0.106,0.631,-0.451,-0.25,1.4472175,2.977,"Up"
2006,2.977,-1.606,0.106,0.631,-0.451,2.48745,0.168,"Up"
2006,0.168,2.977,-1.606,0.106,0.631,2.321112,-2.029,"Down"
2006,-2.029,0.168,2.977,-1.606,0.106,2.42575,1.762,"Up"
2006,1.762,-2.029,0.168,2.977,-1.606,2.59245,-1.534,"Down"
2006,-1.534,1.762,-2.029,0.168,2.977,2.485592,0.234,"Up"
2006,0.234,-1.534,1.762,-2.029,0.168,2.337512,1.598,"Up"
2006,1.598,0.234,-1.534,1.762,-2.029,2.197072,0.17,"Up"
2006,0.17,1.598,0.234,-1.534,1.762,2.10098,-0.171,"Down"
2006,-0.171,0.17,1.598,0.234,-1.534,2.260408,-0.451,"Down"
2006,-0.451,-0.171,0.17,1.598,0.234,2.250934,2.016,"Up"
2006,2.016,-0.451,-0.171,0.17,1.598,2.27408,-0.329,"Down"
2006,-0.329,2.016,-0.451,-0.171,0.17,2.094204,-0.62,"Down"
2006,-0.62,-0.329,2.016,-0.451,-0.171,2.170618,0.049,"Up"
2006,0.049,-0.62,-0.329,2.016,-0.451,2.285182,-0.492,"Down"
2006,-0.492,0.049,-0.62,-0.329,2.016,1.99031,1.719,"Up"
2006,1.719,-0.492,0.049,-0.62,-0.329,2.34859,-0.051,"Down"
2006,-0.051,1.719,-0.492,0.049,-0.62,2.435666,1.156,"Up"
2006,1.156,-0.051,1.719,-0.492,0.049,2.39239,-2.604,"Down"
2006,-2.604,1.156,-0.051,1.719,-0.492,2.335326,-1.875,"Down"
2006,-1.875,-2.604,1.156,-0.051,1.719,2.648372,1.036,"Up"
2006,1.036,-1.875,-2.604,1.156,-0.051,2.512808,0.63,"Up"
2006,0.63,1.036,-1.875,-2.604,1.156,2.3810125,-2.788,"Down"
2006,-2.788,0.63,1.036,-1.875,-2.604,2.682616,-0.061,"Down"
2006,-0.061,-2.788,0.63,1.036,-1.875,2.737928,-0.563,"Down"
2006,-0.563,-0.061,-2.788,0.63,1.036,2.255366,2.065,"Up"
2006,2.065,-0.563,-0.061,-2.788,0.63,2.367602,-0.372,"Down"
2006,-0.372,2.065,-0.563,-0.061,-2.788,1.8192125,-2.314,"Down"
2006,-2.314,-0.372,2.065,-0.563,-0.061,2.285754,0.331,"Up"
2006,0.331,-2.314,-0.372,2.065,-0.563,2.475962,3.085,"Up"
2006,3.085,0.331,-2.314,-0.372,2.065,2.560298,0.063,"Up"
2006,0.063,3.085,0.331,-2.314,-0.372,2.57183,-0.986,"Down"
2006,-0.986,0.063,3.085,0.331,-2.314,2.293082,2.807,"Up"
2006,2.807,-0.986,0.063,3.085,0.331,2.299788,-0.554,"Down"
2006,-0.554,2.807,-0.986,0.063,3.085,1.83191,1.229,"Up"
2006,1.229,-0.554,2.807,-0.986,0.063,1.952878,-0.922,"Down"
2006,-0.922,1.229,-0.554,2.807,-0.986,2.2257725,1.597,"Up"
2006,1.597,-0.922,1.229,-0.554,2.807,2.688896,-0.37,"Down"
2006,-0.37,1.597,-0.922,1.229,-0.554,2.409864,1.603,"Up"
2006,1.603,-0.37,1.597,-0.922,1.229,2.560806,1.029,"Up"
2006,1.029,1.603,-0.37,1.597,-0.922,2.639458,1.188,"Up"
2006,1.188,1.029,1.603,-0.37,1.597,2.365916,0.218,"Up"
2006,0.218,1.188,1.029,1.603,-0.37,2.526124,0.639,"Up"
2006,0.639,0.218,1.188,1.029,1.603,2.712532,-0.947,"Down"
2006,-0.947,0.639,0.218,1.188,1.029,2.692108,1.217,"Up"
2006,1.217,-0.947,0.639,0.218,1.188,2.657402,1.47,"Up"
2006,1.47,1.217,-0.947,0.639,0.218,2.761356,-0.018,"Down"
2006,-0.018,1.47,1.217,-0.947,0.639,2.0537275,-0.303,"Down"
2006,-0.303,-0.018,1.47,1.217,-0.947,2.989828,0.94,"Up"
2006,0.94,-0.303,-0.018,1.47,1.217,2.686182,1.224,"Up"
2006,1.224,0.94,-0.303,-0.018,1.47,2.707922,-1.144,"Down"
2006,-1.144,1.224,0.94,-0.303,-0.018,2.328566,0.534,"Up"
2007,0.534,-1.144,1.224,0.94,-0.303,1.5411125,-0.606,"Down"
2007,-0.606,0.534,-1.144,1.224,0.94,3.1176733,1.491,"Up"
2007,1.491,-0.606,0.534,-1.144,1.224,2.822146,-0.016,"Down"
2007,-0.016,1.491,-0.606,0.534,-1.144,2.7224275,-0.582,"Down"
2007,-0.582,-0.016,1.491,-0.606,0.534,2.783864,1.843,"Up"
2007,1.843,-0.582,-0.016,1.491,-0.606,2.779552,-0.713,"Down"
2007,-0.713,1.843,-0.582,-0.016,1.491,2.68699,1.216,"Up"
2007,1.216,-0.713,1.843,-0.582,-0.016,2.527498,-0.299,"Down"
2007,-0.299,1.216,-0.713,1.843,-0.582,2.36889,-4.412,"Down"
2007,-4.412,-0.299,1.216,-0.713,1.843,3.599964,1.13,"Up"
2007,1.13,-4.412,-0.299,1.216,-0.713,3.123586,-1.133,"Down"
2007,-1.133,1.13,-4.412,-0.299,1.216,3.224692,3.544,"Up"
2007,3.544,-1.133,1.13,-4.412,-0.299,2.901376,-1.062,"Down"
2007,-1.062,3.544,-1.133,1.13,-4.412,2.837362,1.612,"Up"
2007,1.612,-1.062,3.544,-1.133,1.13,2.6927975,0.63,"Up"
2007,0.63,1.612,-1.062,3.544,-1.133,2.65406,2.168,"Up"
2007,2.168,0.63,1.612,-1.062,3.544,3.001118,0.655,"Up"
2007,0.655,2.168,0.63,1.612,-1.062,2.978394,0.773,"Up"
2007,0.773,0.655,2.168,0.63,1.612,3.090694,0.015,"Up"
2007,0.015,0.773,0.655,2.168,0.63,2.805676,1.122,"Up"
2007,1.122,0.015,0.773,0.655,2.168,2.918038,-0.461,"Down"
2007,-0.461,1.122,0.015,0.773,0.655,3.01838,1.36,"Up"
2007,1.36,-0.461,1.122,0.015,0.773,2.9536375,-1.866,"Down"
2007,-1.866,1.36,-0.461,1.122,0.015,3.0349,1.674,"Up"
2007,1.674,-1.866,1.36,-0.461,1.122,2.975814,-1.98,"Down"
2007,-1.98,1.674,-1.866,1.36,-0.461,3.217232,0.053,"Up"
2007,0.053,-1.98,1.674,-1.866,1.36,3.25121,1.802,"Up"
2007,1.802,0.053,-1.98,1.674,-1.866,2.3175625,1.441,"Up"
2007,1.441,1.802,0.053,-1.98,1.674,3.06665,-1.185,"Down"
2007,-1.185,1.441,1.802,0.053,-1.98,3.26354,-4.899,"Down"
2007,-4.899,-1.185,1.441,1.802,0.053,4.151786,-1.775,"Down"
2007,-1.775,-4.899,-1.185,1.441,1.802,4.510208,1.436,"Up"
2007,1.436,-1.775,-4.899,-1.185,1.441,5.342306,-0.53,"Down"
2007,-0.53,1.436,-1.775,-4.899,-1.185,4.376236,2.312,"Up"
2007,2.312,-0.53,1.436,-1.775,-4.899,3.05368,-0.364,"Down"
2007,-0.364,2.312,-0.53,1.436,-1.775,2.724582,-1.387,"Down"
2007,-1.387,-0.364,2.312,-0.53,1.436,2.8522175,2.112,"Up"
2007,2.112,-1.387,-0.364,2.312,-0.53,2.851118,2.796,"Up"
2007,2.796,2.112,-1.387,-0.364,2.312,3.358248,0.066,"Up"
2007,0.066,2.796,2.112,-1.387,-0.364,3.0708,2.02,"Up"
2007,2.02,0.066,2.796,2.112,-1.387,3.011736,0.27,"Up"
2007,0.27,2.02,0.066,2.796,2.112,2.94348,-3.917,"Down"
2007,-3.917,0.27,2.02,0.066,2.796,3.47522,2.309,"Up"
2007,2.309,-3.917,0.27,2.02,0.066,3.716066,-1.669,"Down"
2007,-1.669,2.309,-3.917,0.27,2.02,3.763506,-3.706,"Down"
2007,-3.706,-1.669,2.309,-3.917,0.27,4.415684,0.347,"Up"
2007,0.347,-3.706,-1.669,2.309,-3.917,4.095036,-1.237,"Down"
2007,-1.237,0.347,-3.706,-1.669,2.309,3.6709375,2.807,"Up"
2007,2.807,-1.237,0.347,-3.706,-1.669,4.096428,1.588,"Up"
2007,1.588,2.807,-1.237,0.347,-3.706,3.415362,-2.44,"Down"
2007,-2.44,1.588,2.807,-1.237,0.347,3.702056,1.125,"Up"
2007,1.125,-2.44,1.588,2.807,-1.237,3.7459,-0.402,"Down"
2007,-0.402,1.125,-2.44,1.588,2.807,2.01605,-4.522,"Down"
2008,-4.522,-0.402,1.125,-2.44,1.588,3.3722575,-0.752,"Down"
2008,-0.752,-4.522,-0.402,1.125,-2.44,4.788802,-5.412,"Down"
2008,-5.412,-0.752,-4.522,-0.402,1.125,5.006464,0.409,"Up"
2008,0.409,-5.412,-0.752,-4.522,-0.402,5.10098,4.871,"Up"
2008,4.871,0.409,-5.412,-0.752,-4.522,4.539542,-4.596,"Down"
2008,-4.596,4.871,0.409,-5.412,-0.752,4.035458,1.405,"Up"
2008,1.405,-4.596,4.871,0.409,-5.412,3.744452,0.231,"Up"
2008,0.231,1.405,-4.596,4.871,0.409,3.6883475,-1.661,"Down"
2008,-1.661,0.231,1.405,-4.596,4.871,4.046484,-2.8,"Down"
2008,-2.8,-1.661,0.231,1.405,-4.596,4.408266,-0.404,"Down"
2008,-0.404,-2.8,-1.661,0.231,1.405,4.802348,3.212,"Up"
2008,3.212,-0.404,-2.8,-1.661,0.231,4.5919225,-1.075,"Down"
2008,-1.075,3.212,-0.404,-2.8,-1.661,4.08494,4.195,"Up"
2008,4.195,-1.075,3.212,-0.404,-2.8,4.17555,-2.742,"Down"
2008,-2.742,4.195,-1.075,3.212,-0.404,3.663378,4.314,"Up"
2008,4.314,-2.742,4.195,-1.075,3.212,3.868576,0.54,"Up"
2008,0.54,4.314,-2.742,4.195,-1.075,3.939778,1.149,"Up"
2008,1.149,0.54,4.314,-2.742,4.195,4.066604,-1.812,"Down"
2008,-1.812,1.149,0.54,4.314,-2.742,3.751244,2.67,"Up"
2008,2.67,-1.812,1.149,0.54,4.314,3.809532,-3.467,"Down"
2008,-3.467,2.67,-1.812,1.149,0.54,3.905724,1.777,"Up"
2008,1.777,-3.467,2.67,-1.812,1.149,3.8140425,-2.835,"Down"
2008,-2.835,1.777,-3.467,2.67,-1.812,4.314358,-0.048,"Down"
2008,-0.048,-2.835,1.777,-3.467,2.67,4.526856,-3.096,"Down"
2008,-3.096,-0.048,-2.835,1.777,-3.467,4.443808,-3.001,"Down"
2008,-3.001,-3.096,-0.048,-2.835,1.777,5.03132,-1.211,"Down"
2008,-1.211,-3.001,-3.096,-0.048,-2.835,4.850575,-1.854,"Down"
2008,-1.854,-1.211,-3.001,-3.096,-0.048,5.812632,1.71,"Up"
2008,1.71,-1.854,-1.211,-3.001,-3.096,6.511124,-0.232,"Down"
2008,-0.232,1.71,-1.854,-1.211,-3.001,5.663448,0.203,"Up"
2008,0.203,-0.232,1.71,-1.854,-1.211,5.07189,2.857,"Up"
2008,2.857,0.203,-0.232,1.71,-1.854,4.18824,0.145,"Up"
2008,0.145,2.857,0.203,-0.232,1.71,4.534404,-0.462,"Down"
2008,-0.462,0.145,2.857,0.203,-0.232,4.063548,-0.725,"Down"
2008,-0.725,-0.462,0.145,2.857,0.203,3.530036,-3.159,"Down"
2008,-3.159,-0.725,-0.462,0.145,2.857,5.01753,0.756,"Up"
2008,0.756,-3.159,-0.725,-0.462,0.145,6.883584,0.27,"Up"
2008,0.27,0.756,-3.159,-0.725,-0.462,9.328214,-3.331,"Down"
2008,-3.331,0.27,0.756,-3.159,-0.725,5.319894,-9.399,"Down"
2008,-9.399,-3.331,0.27,0.756,-3.159,6.205326,-18.195,"Down"
2008,-18.195,-9.399,-3.331,0.27,0.756,8.4033579,4.596,"Up"
2008,4.596,-18.195,-9.399,-3.331,0.27,7.306794,-6.781,"Down"
2008,-6.781,4.596,-18.195,-9.399,-3.331,6.035936,10.491,"Up"
2008,10.491,-6.781,4.596,-18.195,-9.399,6.460596,-3.898,"Down"
2008,-3.898,10.491,-6.781,4.596,-18.195,5.296816,-6.198,"Down"
2008,-6.198,-3.898,10.491,-6.781,4.596,5.812934,-8.389,"Down"
2008,-8.389,-6.198,-3.898,10.491,-6.781,7.34904,12.026,"Up"
2008,12.026,-8.389,-6.198,-3.898,10.491,5.841565,-2.251,"Down"
2008,-2.251,12.026,-8.389,-6.198,-3.898,6.09395,0.418,"Up"
2008,0.418,-2.251,12.026,-8.389,-6.198,5.932454,0.926,"Up"
2008,0.926,0.418,-2.251,12.026,-8.389,5.855972,-1.698,"Down"
2008,-1.698,0.926,0.418,-2.251,12.026,3.087105,6.76,"Up"
2009,6.76,-1.698,0.926,0.418,-2.251,3.79311,-4.448,"Down"
2009,-4.448,6.76,-1.698,0.926,0.418,5.043904,-4.518,"Down"
2009,-4.518,-4.448,6.76,-1.698,0.926,5.948758,-2.137,"Down"
2009,-2.137,-4.518,-4.448,6.76,-1.698,6.1297625,-0.73,"Down"
2009,-0.73,-2.137,-4.518,-4.448,6.76,5.602004,5.173,"Up"
2009,5.173,-0.73,-2.137,-4.518,-4.448,6.217632,-4.808,"Down"
2009,-4.808,5.173,-0.73,-2.137,-4.518,6.0088219,-6.868,"Down"
2009,-6.868,-4.808,5.173,-0.73,-2.137,6.4015151,-4.54,"Down"
2009,-4.54,-6.868,-4.808,5.173,-0.73,7.5507758,-7.035,"Down"
2009,-7.035,-4.54,-6.868,-4.808,5.173,7.592844,10.707,"Up"
2009,10.707,-7.035,-4.54,-6.868,-4.808,7.4594358,1.585,"Up"
2009,1.585,10.707,-7.035,-4.54,-6.868,7.963276,6.168,"Up"
2009,6.168,1.585,10.707,-7.035,-4.54,6.9528199,3.255,"Up"
2009,3.255,6.168,1.585,10.707,-7.035,6.2868699,1.669,"Up"
2009,1.669,3.255,6.168,1.585,10.707,6.2261876,1.522,"Up"
2009,1.522,1.669,3.255,6.168,1.585,6.8393019,-0.388,"Down"
2009,-0.388,1.522,1.669,3.255,6.168,7.0831699,1.303,"Up"
2009,1.303,-0.388,1.522,1.669,3.255,6.043558,5.893,"Up"
2009,5.893,1.303,-0.388,1.522,1.669,7.952024,-4.988,"Down"
2009,-4.988,5.893,1.303,-0.388,1.522,6.337752,0.467,"Up"
2009,0.467,-4.988,5.893,1.303,-0.388,6.339728,3.623,"Up"
2009,3.623,0.467,-4.988,5.893,1.303,5.7888125,2.279,"Up"
2009,2.279,3.623,0.467,-4.988,5.893,5.66247,0.651,"Up"
2009,0.651,2.279,3.623,0.467,-4.988,4.866352,-2.64,"Down"
2009,-2.64,0.651,2.279,3.623,0.467,5.114026,-0.253,"Down"
2009,-0.253,-2.64,0.651,2.279,3.623,5.119916,-2.446,"Down"
2009,-2.446,-0.253,-2.64,0.651,2.279,4.1724325,-1.929,"Down"
2009,-1.929,-2.446,-0.253,-2.64,0.651,4.673382,6.967,"Up"
2009,6.967,-1.929,-2.446,-0.253,-2.64,4.785464,4.134,"Up"
2009,4.134,6.967,-1.929,-2.446,-0.253,5.0033,0.839,"Up"
2009,0.839,4.134,6.967,-1.929,-2.446,5.294932,2.329,"Up"
2009,2.329,0.839,4.134,6.967,-1.929,6.4279459,-0.632,"Down"
2009,-0.632,2.329,0.839,4.134,6.967,5.373764,2.195,"Up"
2009,2.195,-0.632,2.329,0.839,4.134,4.66465,0.273,"Up"
2009,0.273,2.195,-0.632,2.329,0.839,5.744582,-1.218,"Down"
2009,-1.218,0.273,2.195,-0.632,2.329,5.28626,2.591,"Up"
2009,2.591,-1.218,0.273,2.195,-0.632,5.1379225,2.452,"Up"
2009,2.452,2.591,-1.218,0.273,2.195,6.0469679,-2.239,"Down"
2009,-2.239,2.452,2.591,-1.218,0.273,5.081302,-1.836,"Down"
2009,-1.836,-2.239,2.452,2.591,-1.218,5.21008,4.514,"Up"
2009,4.514,-1.836,-2.239,2.452,2.591,4.46671,1.511,"Up"
2009,1.511,4.514,-1.836,-2.239,2.452,4.74037,-0.743,"Down"
2009,-0.743,1.511,4.514,-1.836,-2.239,5.118466,-4.021,"Down"
2009,-4.021,-0.743,1.511,4.514,-1.836,6.081714,3.195,"Up"
2009,3.195,-4.021,-0.743,1.511,4.514,5.290226,2.261,"Up"
2009,2.261,3.195,-4.021,-0.743,1.511,4.218872,-0.192,"Down"
2009,-0.192,2.261,3.195,-4.021,-0.743,4.122504,0.01,"Up"
2009,0.01,-0.192,2.261,3.195,-4.021,3.232,1.328,"Up"
2009,1.328,0.01,-0.192,2.261,3.195,4.535468,0.039,"Up"
2009,0.039,1.328,0.01,-0.192,2.261,4.150876,-0.356,"Down"
2009,-0.356,0.039,1.328,0.01,-0.192,5.672874,2.178,"Up"
2009,2.178,-0.356,0.039,1.328,0.01,3.0132625,-1.01,"Down"
2010,-1.01,2.178,-0.356,0.039,1.328,2.3904275,2.68,"Up"
2010,2.68,-1.01,2.178,-0.356,0.039,4.22307,-0.782,"Down"
2010,-0.782,2.68,-1.01,2.178,-0.356,4.363246,-3.897,"Down"
2010,-3.897,-0.782,2.68,-1.01,2.178,5.6545824,-1.639,"Down"
2010,-1.639,-3.897,-0.782,2.68,-1.01,5.079534,-0.715,"Down"
2010,-0.715,-1.639,-3.897,-0.782,2.68,5.082238,0.874,"Up"
2010,0.874,-0.715,-1.639,-3.897,-0.782,4.403416,3.13,"Up"
2010,3.13,0.874,-0.715,-1.639,-3.897,4.040725,-0.422,"Down"
2010,-0.422,3.13,0.874,-0.715,-1.639,4.194034,3.097,"Up"
2010,3.097,-0.422,3.13,0.874,-0.715,4.00233,0.991,"Up"
2010,0.991,3.097,-0.422,3.13,0.874,4.805318,0.862,"Up"
2010,0.862,0.991,3.097,-0.422,3.13,4.5888,0.577,"Up"
2010,0.577,0.862,0.991,3.097,-0.422,4.751278,0.987,"Up"
2010,0.987,0.577,0.862,0.991,3.097,4.2379475,1.381,"Up"
2010,1.381,0.987,0.577,0.862,0.991,4.461554,-0.188,"Down"
2010,-0.188,1.381,0.987,0.577,0.862,5.974902,2.11,"Up"
2010,2.11,-0.188,1.381,0.987,0.577,5.800096,-2.513,"Down"
2010,-2.513,2.11,-0.188,1.381,0.987,6.310456,-6.388,"Down"
2010,-6.388,-2.513,2.11,-0.188,1.381,7.683886,2.232,"Up"
2010,2.232,-6.388,-2.513,2.11,-0.188,5.79175,-4.226,"Down"
2010,-4.226,2.232,-6.388,-2.513,2.11,6.5280519,0.158,"Up"
2010,0.158,-4.226,2.232,-6.388,-2.513,5.528868,-2.252,"Down"
2010,-2.252,0.158,-4.226,2.232,-6.388,5.3685975,2.509,"Up"
2010,2.509,-2.252,0.158,-4.226,2.232,5.369514,2.374,"Up"
2010,2.374,2.509,-2.252,0.158,-4.226,4.637208,-3.646,"Down"
2010,-3.646,2.374,2.509,-2.252,0.158,4.699712,-5.032,"Down"
2010,-5.032,-3.646,2.374,2.509,-2.252,5.100892,5.416,"Up"
2010,5.416,-5.032,-3.646,2.374,2.509,4.4193725,-1.213,"Down"
2010,-1.213,5.416,-5.032,-3.646,2.374,4.487664,3.548,"Up"
2010,3.548,-1.213,5.416,-5.032,-3.646,4.580286,-0.096,"Down"
2010,-0.096,3.548,-1.213,5.416,-5.032,4.27132,1.819,"Up"
2010,1.819,-0.096,3.548,-1.213,5.416,3.96346,-3.779,"Down"
2010,-3.779,1.819,-0.096,3.548,-1.213,3.906558,-0.7,"Down"
2010,-0.7,-3.779,1.819,-0.096,3.548,3.777406,-0.663,"Down"
2010,-0.663,-0.7,-3.779,1.819,-0.096,3.951328,3.75,"Up"
2010,3.75,-0.663,-0.7,-3.779,1.819,3.71847,0.456,"Up"
2010,0.456,3.75,-0.663,-0.7,-3.779,3.1952375,1.446,"Up"
2010,1.446,0.456,3.75,-0.663,-0.7,3.972432,2.05,"Up"
2010,2.05,1.446,0.456,3.75,-0.663,3.884522,-0.212,"Down"
2010,-0.212,2.05,1.446,0.456,3.75,4.03741,1.65,"Up"
2010,1.65,-0.212,2.05,1.446,0.456,3.905616,0.948,"Up"
2010,0.948,1.65,-0.212,2.05,1.446,4.44916,0.586,"Up"
2010,0.586,0.948,1.65,-0.212,2.05,4.576282,0.015,"Up"
2010,0.015,0.586,0.948,1.65,-0.212,4.116414,3.599,"Up"
2010,3.599,0.015,0.586,0.948,1.65,4.798758,-2.173,"Down"
2010,-2.173,3.599,0.015,0.586,0.948,4.298262,0.043,"Up"
2010,0.043,-2.173,3.599,0.015,0.586,4.177436,-0.861,"Down"
2010,-0.861,0.043,-2.173,3.599,0.015,3.20516,2.969,"Up"
2010,2.969,-0.861,0.043,-2.173,3.599,4.242568,1.281,"Up"
2010,1.281,2.969,-0.861,0.043,-2.173,4.835082,0.283,"Up"
2010,0.283,1.281,2.969,-0.861,0.043,4.454044,1.034,"Up"
2010,1.034,0.283,1.281,2.969,-0.861,2.707105,0.069,"Up"
